"RFID","is_follow_twiiter","is_like_facebook","is_follow_instagram","num_neg_sentiment_mentioned"
1,1,0,1,0
2,1,1,1,10
3,1,0,0,5
4,1,1,0,10
5,1,0,0,4
6,1,1,1,6
7,0,0,0,4
8,1,1,1,2
9,1,1,1,6
10,0,0,0,8
11,1,1,0,3
12,1,1,0,6
13,0,1,0,8
14,1,0,1,8
15,0,0,1,0
16,0,0,0,2
17,1,0,0,9
18,0,0,0,1
19,1,1,0,6
20,0,1,1,10
21,0,0,0,2
22,1,0,0,8
23,0,0,0,5
24,1,0,1,3
25,1,0,1,10
26,1,0,0,6
27,1,0,0,1
28,1,0,0,0
29,0,0,1,3
30,0,1,1,9
31,0,1,0,8
32,1,0,0,10
33,0,0,1,8
34,1,1,0,3
35,1,0,1,9
36,0,0,1,1
37,1,1,0,1
38,1,1,0,10
39,1,1,1,1
40,1,1,0,8
41,0,0,1,9
42,0,1,0,6
43,0,0,0,3
44,0,1,0,9
45,0,1,1,10
46,0,1,1,9
47,0,1,0,2
48,0,0,1,4
49,0,0,0,1
50,1,1,0,4
51,0,0,1,7
52,1,0,1,8
53,0,1,1,3
54,0,0,1,8
55,0,1,1,5
56,0,1,0,5
57,0,0,1,1
58,1,0,0,9
59,0,1,0,9
60,1,0,1,6
61,1,0,1,2
62,0,1,0,9
63,1,1,0,1
64,1,1,0,7
65,0,0,1,3
66,1,0,1,8
67,1,0,0,3
68,1,0,0,5
69,1,1,1,9
70,1,1,0,0
71,0,0,1,3
72,1,1,0,8
73,0,1,0,10
74,0,1,0,5
75,1,1,0,2
76,1,1,1,1
77,0,1,0,9
78,0,1,0,5
79,1,1,0,2
80,0,0,0,8
81,0,1,1,8
82,0,1,1,10
83,0,1,0,5
84,0,1,0,5
85,1,1,1,4
86,0,0,1,0
87,0,0,0,7
88,1,0,1,4
89,0,1,0,10
90,0,1,0,3
91,0,0,1,9
92,0,0,1,1
93,1,0,0,5
94,0,0,1,1
95,0,1,0,9
96,0,1,0,2
97,1,1,0,1
98,1,1,0,3
99,0,0,1,8
100,1,1,0,8
101,0,1,0,6
102,1,0,1,6
103,1,0,0,8
104,0,1,1,3
105,0,1,0,2
106,0,1,1,1
107,0,1,0,2
108,1,0,1,5
109,1,1,0,3
110,0,0,1,5
111,0,1,0,3
112,0,0,0,4
113,1,0,1,2
114,0,1,0,7
115,0,0,0,7
116,1,0,0,6
117,0,1,0,10
118,1,1,0,6
119,0,0,0,10
120,0,1,0,8
121,1,0,0,2
122,1,0,0,1
123,1,1,0,9
124,1,0,0,2
125,1,1,0,5
126,1,1,1,9
127,0,1,0,5
128,0,1,0,3
129,0,0,1,1
130,1,0,0,0
131,1,0,0,4
132,0,1,0,7
133,1,0,1,5
134,1,0,0,9
135,0,1,1,1
136,1,0,0,1
137,1,0,0,6
138,0,0,1,6
139,1,1,0,2
140,0,1,1,3
141,1,0,1,9
142,0,1,1,2
143,1,0,1,1
144,0,0,0,7
145,1,0,1,0
146,1,1,1,2
147,1,0,0,3
148,0,0,1,1
149,1,0,1,3
150,0,0,1,8
151,0,0,0,7
152,0,0,0,9
153,0,0,1,9
154,1,1,0,5
155,1,1,1,5
156,1,1,0,3
157,0,0,1,6
158,0,1,0,2
159,0,1,1,2
160,0,0,1,8
161,1,0,0,4
162,0,1,0,0
163,1,1,0,10
164,0,1,1,2
165,1,0,1,6
166,1,1,0,5
167,1,1,0,2
168,0,1,0,10
169,1,0,0,5
170,1,1,1,8
171,0,0,1,5
172,1,0,1,5
173,1,1,0,8
174,1,0,1,6
175,0,0,0,0
176,0,0,0,2
177,0,1,1,0
178,0,1,0,2
179,0,1,1,5
180,1,0,0,1
181,0,1,1,3
182,0,0,1,6
183,0,1,0,1
184,0,1,0,2
185,0,1,0,0
186,1,0,1,10
187,1,0,1,4
188,0,0,0,6
189,0,0,0,4
190,1,1,1,5
191,1,1,0,9
192,1,0,0,3
193,1,1,0,3
194,0,0,0,7
195,1,1,0,6
196,1,1,0,4
197,0,0,1,10
198,1,0,1,1
199,0,1,1,2
200,1,0,1,0
201,1,1,0,3
202,0,1,0,9
203,0,1,1,0
204,1,0,0,1
205,0,1,1,8
206,0,0,0,8
207,1,1,0,4
208,0,0,1,6
209,1,1,1,0
210,0,1,1,9
211,0,1,1,1
212,1,1,1,5
213,0,0,1,3
214,1,0,0,7
215,1,1,1,9
216,1,1,1,1
217,1,1,1,9
218,1,1,1,4
219,0,1,1,1
220,1,1,0,2
221,0,1,1,4
222,0,1,0,6
223,1,0,0,8
224,0,1,0,1
225,0,0,1,10
226,0,0,1,4
227,1,0,0,5
228,1,1,0,5
229,1,1,1,0
230,1,1,1,7
231,1,1,1,7
232,1,0,1,6
233,1,1,1,7
234,1,0,1,1
235,0,0,1,2
236,1,0,0,5
237,0,0,1,2
238,0,1,0,4
239,1,0,1,7
240,1,0,0,4
241,0,1,0,10
242,1,1,1,8
243,0,0,1,7
244,1,0,0,7
245,1,1,1,4
246,0,0,1,8
247,0,0,0,4
248,0,0,1,1
249,1,1,0,2
250,1,1,1,9
251,0,1,1,8
252,0,1,1,7
253,0,1,1,5
254,1,1,0,8
255,1,1,0,7
256,0,0,0,9
257,1,0,0,10
258,1,0,1,3
259,0,0,1,5
260,1,1,0,6
261,0,0,1,4
262,0,1,1,10
263,0,0,0,6
264,0,1,1,7
265,0,1,1,7
266,0,1,1,9
267,1,1,0,9
268,0,0,1,0
269,1,1,0,10
270,1,0,1,3
271,0,1,1,9
272,1,1,0,8
273,0,1,0,5
274,1,0,1,10
275,0,1,1,4
276,1,0,1,3
277,0,1,1,9
278,0,1,1,6
279,1,1,0,8
280,0,1,0,3
281,1,1,1,10
282,0,0,1,6
283,1,1,0,1
284,0,0,0,0
285,1,0,0,5
286,1,1,0,6
287,0,0,0,0
288,0,1,1,4
289,0,0,0,9
290,1,1,0,10
291,1,0,0,10
292,1,0,0,3
293,0,0,0,8
294,1,1,1,2
295,0,0,0,8
296,0,0,1,8
297,0,1,0,1
298,0,0,0,2
299,0,0,1,6
300,0,1,0,7
301,1,0,1,3
302,0,0,1,9
303,1,0,1,9
304,0,1,0,5
305,0,0,1,7
306,0,0,0,7
307,1,0,0,0
308,1,1,0,5
309,1,0,0,1
310,1,0,0,5
311,1,1,0,6
312,1,0,0,5
313,0,0,1,10
314,0,0,1,3
315,1,1,0,1
316,0,0,0,9
317,1,1,1,3
318,0,0,1,6
319,0,0,0,4
320,0,0,0,0
321,0,0,1,6
322,0,1,1,7
323,1,0,1,6
324,1,1,0,7
325,0,0,1,4
326,0,1,0,3
327,1,0,1,8
328,0,1,0,10
329,0,0,0,7
330,1,1,1,3
331,1,1,0,0
332,0,1,1,8
333,0,1,0,10
334,1,0,0,10
335,1,0,0,10
336,1,0,1,7
337,0,1,0,3
338,0,0,0,8
339,0,0,1,2
340,0,1,0,2
341,0,1,0,8
342,1,1,1,1
343,0,0,0,0
344,0,1,0,4
345,1,0,0,4
346,1,0,1,2
347,0,0,1,8
348,0,0,0,0
349,1,0,0,6
350,1,1,0,2
351,0,1,1,3
352,0,0,1,4
353,0,1,0,2
354,0,0,1,10
355,0,1,1,2
356,0,1,1,6
357,1,1,1,10
358,0,0,0,6
359,1,0,1,9
360,1,1,1,10
361,0,1,0,9
362,1,0,1,10
363,1,1,1,0
364,1,0,0,2
365,1,0,1,0
366,1,1,0,3
367,1,1,1,6
368,1,1,0,2
369,1,1,1,5
370,1,0,1,2
371,0,1,0,4
372,1,0,1,2
373,0,0,0,9
374,0,1,1,2
375,0,1,1,2
376,1,0,0,0
377,0,1,0,3
378,0,0,1,2
379,0,1,1,8
380,1,0,0,5
381,1,0,1,5
382,1,0,1,2
383,0,0,0,4
384,1,0,0,8
385,1,0,1,7
386,1,0,1,9
387,1,0,0,3
388,0,1,0,0
389,0,0,1,1
390,1,0,1,10
391,1,0,1,5
392,0,1,0,9
393,1,1,0,10
394,0,0,0,5
395,0,0,0,8
396,0,1,0,8
397,1,0,1,2
398,0,1,0,0
399,1,0,1,8
400,1,1,0,1
401,0,1,0,7
402,1,0,1,3
403,0,0,1,0
404,0,0,0,1
405,1,1,1,0
406,1,1,1,6
407,1,1,1,7
408,1,1,1,3
409,1,0,0,10
410,1,0,0,3
411,0,0,1,0
412,0,1,0,5
413,1,1,0,1
414,1,1,1,9
415,0,0,1,5
416,1,0,1,1
417,0,0,0,2
418,1,1,1,6
419,0,0,0,6
420,1,0,0,8
421,0,0,0,7
422,1,0,1,9
423,0,0,1,4
424,0,0,1,9
425,1,0,0,9
426,0,1,0,1
427,1,1,0,6
428,1,0,0,2
429,1,0,0,8
430,1,0,1,10
431,1,0,0,0
432,1,0,1,2
433,1,1,1,8
434,1,1,1,3
435,1,0,1,7
436,1,0,1,1
437,0,1,1,5
438,0,1,0,6
439,0,1,1,7
440,1,0,1,7
441,1,1,0,7
442,1,1,1,8
443,0,0,0,9
444,0,0,1,1
445,1,0,1,3
446,1,0,0,0
447,0,1,0,4
448,0,1,1,3
449,0,1,1,4
450,1,0,0,5
451,0,0,0,2
452,1,0,0,9
453,0,1,0,5
454,0,0,0,0
455,1,1,0,0
456,1,0,1,9
457,1,0,1,1
458,1,0,0,1
459,0,1,1,2
460,0,0,0,2
461,1,1,0,0
462,0,1,0,2
463,1,1,0,4
464,0,1,1,6
465,1,1,1,8
466,1,0,0,7
467,0,0,1,8
468,1,0,1,7
469,1,0,1,10
470,0,1,1,8
471,1,0,0,3
472,0,0,1,7
473,1,0,1,6
474,1,0,1,1
475,1,1,0,6
476,0,0,1,5
477,1,1,0,3
478,1,0,1,1
479,1,0,1,9
480,0,1,0,2
481,1,0,1,10
482,0,0,1,6
483,1,1,0,1
484,0,0,1,0
485,0,1,0,0
486,0,0,1,10
487,1,0,0,10
488,1,0,0,4
489,0,1,1,0
490,0,0,0,8
491,1,0,0,3
492,0,0,1,2
493,0,0,0,10
494,1,0,1,0
495,0,1,1,7
496,1,0,0,3
497,1,1,1,3
498,0,0,0,9
499,0,1,0,10
500,1,0,1,3
501,1,0,1,3
502,0,1,0,1
503,1,1,0,5
504,0,0,1,1
505,0,0,0,4
506,0,0,1,0
507,0,0,1,2
508,1,1,0,3
509,1,0,1,10
510,1,0,1,4
511,1,0,1,7
512,0,1,1,8
513,1,1,1,6
514,1,1,1,1
515,1,0,1,3
516,0,0,0,7
517,1,0,1,4
518,0,0,1,5
519,1,0,0,2
520,0,0,1,8
521,0,1,0,5
522,0,1,0,6
523,1,0,1,1
524,1,0,1,5
525,0,0,0,8
526,1,1,0,5
527,1,1,1,5
528,1,1,1,5
529,0,1,0,8
530,1,1,0,10
531,1,1,0,9
532,1,0,1,10
533,1,0,1,1
534,0,0,1,9
535,1,0,0,10
536,1,1,0,4
537,0,1,1,10
538,1,0,0,3
539,1,0,1,4
540,1,0,1,7
541,0,1,1,1
542,1,0,0,5
543,1,1,0,3
544,0,1,1,8
545,1,0,0,6
546,0,0,0,6
547,1,1,1,8
548,0,1,0,4
549,1,0,0,10
550,0,1,1,7
551,0,1,0,0
552,0,1,0,10
553,1,0,1,5
554,1,0,0,9
555,1,0,0,5
556,0,0,0,9
557,0,1,1,5
558,0,0,0,4
559,1,1,0,0
560,0,1,1,0
561,1,0,1,3
562,1,1,0,9
563,0,1,1,2
564,0,0,0,0
565,0,1,1,9
566,1,1,1,1
567,0,0,1,7
568,1,0,0,8
569,1,0,0,6
570,0,1,0,0
571,0,1,1,0
572,1,0,0,0
573,1,0,1,9
574,0,0,1,6
575,1,1,0,8
576,1,0,0,0
577,1,0,0,1
578,0,0,0,8
579,0,0,1,4
580,0,0,1,2
581,0,1,0,7
582,1,1,0,7
583,1,1,1,4
584,1,0,1,0
585,0,1,0,7
586,1,0,0,1
587,1,1,0,4
588,1,0,0,10
589,0,0,1,6
590,1,0,0,0
591,1,0,1,4
592,0,0,0,10
593,1,1,1,5
594,1,1,1,1
595,1,1,0,8
596,1,0,0,2
597,1,0,1,5
598,1,0,0,5
599,0,1,1,9
600,0,0,1,1
601,0,1,1,4
602,1,1,1,10
603,0,0,0,9
604,1,0,1,2
605,0,0,0,7
606,0,1,1,0
607,0,1,0,7
608,0,1,1,1
609,1,1,1,8
610,0,1,1,1
611,0,0,0,10
612,1,0,0,7
613,1,0,0,10
614,0,1,0,5
615,1,0,0,2
616,0,0,1,9
617,0,1,0,1
618,1,1,1,0
619,1,0,1,5
620,1,1,1,6
621,1,0,0,1
622,1,0,0,10
623,1,0,1,2
624,1,1,1,0
625,1,0,0,3
626,1,0,0,6
627,1,1,0,6
628,1,1,1,8
629,0,0,0,3
630,1,1,1,8
631,1,1,0,9
632,1,1,0,4
633,0,0,0,7
634,0,0,1,8
635,1,0,0,6
636,1,0,1,8
637,0,1,1,1
638,1,1,1,1
639,1,0,1,4
640,1,0,1,3
641,1,0,1,4
642,0,1,1,9
643,1,1,0,10
644,1,1,0,0
645,0,1,1,5
646,0,0,0,3
647,0,0,0,9
648,1,0,1,9
649,1,0,0,4
650,0,1,0,0
651,0,0,0,1
652,1,0,0,0
653,1,0,1,8
654,0,0,0,7
655,0,0,1,3
656,0,0,0,4
657,0,0,0,6
658,0,1,1,7
659,1,1,1,10
660,1,1,0,4
661,1,1,0,6
662,0,0,1,5
663,1,0,1,3
664,1,1,1,1
665,1,1,0,2
666,1,0,1,10
667,0,1,0,4
668,0,0,1,6
669,1,0,0,10
670,1,1,0,6
671,0,1,1,6
672,1,1,1,4
673,1,0,0,7
674,1,0,0,8
675,0,1,0,0
676,0,1,1,1
677,0,0,0,3
678,0,1,1,1
679,0,1,1,7
680,1,0,0,0
681,0,0,0,2
682,1,1,1,8
683,1,1,0,5
684,1,1,1,6
685,0,0,1,8
686,1,0,0,6
687,0,1,1,7
688,1,0,0,3
689,1,1,1,1
690,0,0,0,1
691,1,1,0,6
692,0,1,1,0
693,0,1,0,8
694,0,0,0,2
695,0,1,1,10
696,0,0,0,7
697,0,1,0,2
698,1,1,0,0
699,1,1,0,0
700,0,1,1,4
701,0,0,0,4
702,0,0,1,10
703,0,1,0,3
704,1,1,0,8
705,1,0,1,2
706,1,1,1,1
707,1,0,0,0
708,0,1,1,10
709,0,0,0,9
710,1,1,1,2
711,1,0,0,4
712,1,0,1,1
713,0,1,1,8
714,0,1,1,0
715,1,0,0,4
716,1,0,0,7
717,0,1,1,4
718,1,1,0,2
719,0,1,0,10
720,0,0,1,9
721,0,1,1,3
722,1,1,0,9
723,0,1,1,6
724,1,1,1,9
725,1,1,0,4
726,1,0,0,2
727,0,0,0,5
728,1,0,0,9
729,1,1,1,0
730,0,0,0,5
731,0,0,0,3
732,1,1,0,9
733,1,1,0,1
734,1,0,0,3
735,1,1,0,8
736,1,1,0,6
737,1,0,1,0
738,0,0,1,7
739,1,1,0,0
740,1,0,0,10
741,0,1,1,3
742,0,0,0,6
743,1,0,1,7
744,1,0,1,6
745,0,0,0,9
746,0,0,1,6
747,0,0,0,2
748,1,0,1,0
749,0,1,0,10
750,1,1,1,5
751,0,1,0,5
752,0,0,0,5
753,0,1,1,2
754,1,1,0,0
755,1,0,0,6
756,0,0,0,8
757,0,0,0,8
758,0,0,0,3
759,1,1,0,3
760,1,1,1,5
761,1,0,0,9
762,0,1,1,1
763,1,0,1,7
764,0,1,0,5
765,1,0,1,3
766,1,0,0,8
767,0,0,0,10
768,0,1,0,3
769,0,0,1,0
770,1,1,0,10
771,1,0,0,5
772,0,1,0,1
773,1,0,0,3
774,0,0,1,4
775,1,0,1,8
776,0,0,1,6
777,1,0,0,0
778,0,1,0,2
779,0,0,0,6
780,1,1,1,10
781,1,1,1,1
782,1,0,1,5
783,1,0,1,3
784,0,1,1,9
785,1,0,1,8
786,1,1,0,9
787,1,1,1,8
788,0,1,1,6
789,0,1,0,3
790,1,1,0,2
791,1,0,1,8
792,1,0,1,8
793,0,0,0,1
794,1,0,1,4
795,1,0,0,9
796,0,1,0,1
797,1,1,1,3
798,0,0,1,10
799,1,0,0,9
800,1,0,1,3
801,0,0,0,2
802,0,0,0,2
803,0,0,1,6
804,0,1,1,1
805,0,0,0,0
806,1,0,1,1
807,0,0,1,6
808,1,0,1,3
809,1,0,0,10
810,0,0,0,4
811,0,1,1,6
812,1,0,0,3
813,0,1,1,0
814,0,1,0,9
815,1,0,1,3
816,0,0,0,6
817,0,0,1,5
818,1,1,1,1
819,0,1,0,8
820,1,1,1,9
821,1,0,1,9
822,1,0,1,3
823,1,1,0,1
824,0,1,1,7
825,0,0,0,9
826,1,1,0,4
827,1,0,0,1
828,1,1,0,4
829,1,1,0,7
830,0,1,1,10
831,0,0,1,7
832,1,0,1,0
833,0,1,0,0
834,1,0,0,3
835,0,1,0,8
836,1,0,0,7
837,1,0,1,10
838,0,1,1,7
839,1,0,0,5
840,1,1,1,5
841,1,0,1,1
842,1,0,0,6
843,1,0,1,9
844,0,0,1,8
845,0,1,1,6
846,0,0,0,8
847,1,0,1,5
848,0,0,0,7
849,0,1,1,6
850,1,1,1,3
851,0,0,1,5
852,1,0,1,1
853,1,0,1,7
854,1,1,0,8
855,0,0,0,5
856,0,1,1,0
857,1,0,0,1
858,0,1,1,9
859,1,0,0,8
860,0,1,0,7
861,1,1,0,5
862,0,1,0,9
863,1,1,0,1
864,0,1,1,8
865,0,0,1,8
866,0,1,0,2
867,1,0,0,9
868,1,0,1,3
869,1,1,0,9
870,0,0,0,0
871,0,0,1,4
872,1,0,1,2
873,1,1,1,8
874,0,1,0,3
875,0,1,0,9
876,0,1,0,2
877,1,1,1,1
878,1,0,1,2
879,1,1,1,3
880,0,0,1,4
881,0,1,1,6
882,1,1,1,0
883,0,1,0,6
884,0,0,1,3
885,1,1,0,6
886,1,1,1,8
887,0,1,1,1
888,1,0,1,8
889,1,1,1,1
890,0,1,0,6
891,0,1,0,1
892,0,1,1,9
893,0,0,0,6
894,1,0,0,2
895,0,0,1,3
896,1,0,1,2
897,0,1,1,10
898,1,0,0,0
899,1,1,0,9
900,1,1,1,10
901,0,0,0,6
902,1,0,1,10
903,0,1,0,3
904,0,0,1,1
905,1,0,1,4
906,1,1,1,3
907,0,1,1,6
908,0,0,1,5
909,1,0,0,3
910,0,1,1,10
911,0,0,0,9
912,0,1,1,3
913,1,0,1,0
914,0,1,1,9
915,1,0,1,8
916,1,0,1,4
917,0,0,1,4
918,0,0,1,3
919,1,1,1,6
920,0,1,1,0
921,0,1,1,2
922,0,0,1,1
923,0,0,1,2
924,1,0,0,0
925,0,1,0,3
926,0,0,0,10
927,0,1,1,9
928,1,1,0,9
929,0,1,0,8
930,0,0,0,8
931,0,1,0,9
932,1,1,1,3
933,1,1,1,3
934,0,0,0,6
935,1,1,0,8
936,1,1,1,8
937,1,1,1,2
938,1,0,1,1
939,1,0,0,8
940,0,0,1,3
941,0,0,0,6
942,0,0,0,10
943,0,0,1,7
944,1,0,0,2
945,0,1,1,2
946,1,0,0,9
947,0,1,0,5
948,1,0,0,9
949,0,0,1,6
950,0,1,1,0
951,0,0,1,0
952,0,1,0,7
953,0,1,0,0
954,1,0,1,6
955,0,0,1,3
956,1,0,0,1
957,1,0,1,1
958,0,1,0,3
959,0,0,1,5
960,1,0,1,4
961,1,1,0,10
962,1,1,0,5
963,0,1,0,1
964,0,0,0,9
965,0,0,0,5
966,1,1,0,7
967,0,1,1,1
968,0,0,1,6
969,1,0,1,1
970,0,0,0,8
971,0,1,1,9
972,1,1,0,6
973,1,0,0,10
974,1,0,0,1
975,1,1,0,0
976,0,0,0,9
977,1,0,0,0
978,1,0,1,9
979,0,0,1,2
980,1,0,0,10
981,0,0,0,7
982,0,1,0,2
983,0,0,0,3
984,1,1,1,9
985,1,1,0,4
986,1,0,0,7
987,0,1,1,5
988,0,1,1,6
989,0,1,0,9
990,1,1,1,9
991,0,1,0,10
992,1,1,1,6
993,0,0,1,7
994,0,0,0,10
995,0,1,1,9
996,0,0,1,9
997,1,0,1,3
998,1,0,1,7
999,1,0,0,6
1000,1,1,0,3
1001,0,1,0,2
1002,0,0,0,4
1003,0,1,1,0
1004,0,1,1,0
1005,1,0,1,0
1006,1,1,1,4
1007,1,0,0,3
1008,1,0,1,1
1009,1,0,1,6
1010,0,0,0,9
1011,1,0,0,9
1012,1,1,1,4
1013,1,0,1,2
1014,1,1,0,6
1015,1,0,1,8
1016,0,0,1,3
1017,0,1,0,3
1018,1,0,1,7
1019,1,1,1,4
1020,0,1,1,10
1021,1,0,1,1
1022,0,0,0,7
1023,0,0,1,3
1024,1,0,1,0
1025,1,0,0,8
1026,0,1,1,3
1027,0,1,0,5
1028,1,1,1,2
1029,1,0,0,10
1030,0,0,0,6
1031,0,0,0,8
1032,0,0,1,5
1033,1,0,1,2
1034,0,0,0,1
1035,1,1,0,0
1036,0,1,0,9
1037,0,0,0,9
1038,1,0,0,0
1039,1,0,1,6
1040,0,1,0,7
1041,0,0,0,2
1042,1,0,1,10
1043,0,0,0,2
1044,0,0,1,10
1045,0,1,0,0
1046,1,0,0,5
1047,0,0,0,9
1048,0,0,0,0
1049,1,1,0,7
1050,1,0,1,2
1051,1,0,0,4
1052,0,1,0,5
1053,0,0,1,8
1054,0,0,1,0
1055,0,0,0,7
1056,0,1,0,6
1057,1,1,1,0
1058,0,1,1,5
1059,0,0,0,1
1060,1,1,0,2
1061,0,1,1,2
1062,1,0,0,0
1063,1,1,1,6
1064,0,1,1,7
1065,0,1,1,3
1066,0,0,0,8
1067,1,0,1,1
1068,1,0,0,9
1069,1,0,1,2
1070,0,0,1,8
1071,0,1,0,4
1072,1,1,1,6
1073,0,0,0,3
1074,0,1,0,7
1075,0,1,1,4
1076,1,1,1,4
1077,0,1,0,8
1078,0,0,0,0
1079,1,1,1,5
1080,1,1,1,3
1081,1,1,1,5
1082,0,1,1,6
1083,1,0,1,3
1084,0,1,1,8
1085,0,0,1,2
1086,1,1,1,2
1087,1,1,1,5
1088,0,0,1,5
1089,0,0,0,4
1090,0,1,0,4
1091,1,0,0,3
1092,1,0,1,9
1093,1,0,0,4
1094,1,1,1,1
1095,0,1,1,9
1096,1,1,1,2
1097,1,0,1,3
1098,1,1,1,7
1099,0,1,1,2
1100,0,0,1,8
1101,0,1,0,8
1102,1,1,1,7
1103,1,1,0,7
1104,0,0,1,2
1105,0,0,1,5
1106,1,0,1,2
1107,0,1,0,0
1108,1,1,1,4
1109,0,1,1,7
1110,1,0,0,1
1111,1,0,0,2
1115,0,0,1,6
1116,1,0,1,1
1117,0,1,0,9
1118,1,0,1,3
1119,1,0,1,7
1120,0,1,0,7
1121,0,0,0,0
1122,1,0,1,9
1123,1,0,1,0
1124,1,0,0,10
1125,1,0,1,0
1126,0,1,0,0
1127,0,0,0,2
1128,0,0,1,1
1129,1,0,0,1
1130,0,0,0,0
1131,0,1,1,6
1132,1,1,1,5
1133,1,1,0,7
1134,0,0,0,1
1135,0,0,0,4
1136,0,0,0,4
1137,0,0,1,4
1138,0,0,1,5
1139,0,1,0,9
1140,1,1,0,0
1141,1,1,0,7
1142,0,0,0,0
1143,1,0,1,6
1144,0,1,1,10
1145,1,1,1,4
1146,0,0,1,8
1147,0,1,0,5
1148,0,0,0,5
1149,0,1,1,8
1150,0,1,0,4
1151,1,1,1,6
1152,1,0,0,0
1153,1,1,0,6
1154,1,1,0,9
1155,0,1,0,8
1156,0,1,1,1
1157,1,1,0,7
1158,1,0,1,1
1159,1,1,0,2
1160,0,1,1,4
1161,1,1,1,5
1162,1,0,0,3
1163,1,1,0,3
1164,0,0,1,5
1165,1,0,0,3
1166,0,0,0,4
1167,1,0,0,8
1168,1,0,1,4
1169,0,1,0,2
1170,1,1,0,4
1171,1,1,1,6
1172,1,0,0,1
1173,0,0,0,10
1174,0,0,1,3
1175,1,1,1,8
1176,0,1,0,7
1177,0,1,0,0
1178,1,1,1,5
1179,1,0,0,1
1180,0,0,0,5
1181,1,0,1,3
1182,1,0,0,5
1183,1,0,0,10
1184,1,0,1,5
1185,0,1,0,10
1186,1,0,0,10
1187,0,1,0,2
1188,1,1,1,3
1189,0,0,0,8
1190,1,0,1,6
1191,1,1,0,9
1192,0,1,1,8
1193,0,0,0,4
1194,1,0,0,2
1195,1,0,1,2
1196,1,1,0,1
1197,0,0,0,3
1198,1,1,0,8
1199,1,1,1,6
1200,0,1,1,8
1201,0,1,1,3
1202,1,1,0,3
1203,1,0,1,8
1204,1,0,0,7
1205,1,1,1,9
1206,1,1,1,10
1207,0,0,0,9
1208,1,1,1,7
1209,0,0,1,9
1210,0,0,1,8
1211,0,0,1,5
1212,0,1,1,9
1213,1,0,1,5
1214,0,0,0,1
1215,1,0,0,0
1216,1,0,0,7
1217,1,1,0,0
1218,1,0,0,2
1219,1,0,1,10
1220,0,1,1,5
1221,0,0,1,4
1222,0,1,1,4
1223,0,0,0,0
1224,1,1,0,6
1225,1,1,0,6
1226,0,1,1,9
1227,1,1,1,9
1228,0,0,1,5
1229,0,1,1,2
1230,1,1,1,5
1231,0,0,0,10
1232,1,0,0,7
1233,0,1,1,3
1234,1,0,0,2
1235,1,0,1,0
1236,0,1,0,7
1237,1,1,1,3
1238,0,0,1,5
1239,1,1,0,3
1240,0,1,0,6
1241,0,0,1,3
1242,1,0,0,5
1243,0,0,1,6
1244,0,1,0,1
1245,0,0,1,7
1246,1,0,0,8
1247,0,1,1,2
1248,1,1,1,8
1249,1,1,0,3
1250,1,1,0,4
1251,1,0,1,3
1252,0,1,0,8
1253,0,1,0,8
1254,1,1,0,7
1255,0,1,0,2
1256,0,1,1,2
1257,0,0,1,1
1258,1,0,0,9
1259,1,1,1,2
1260,0,1,0,4
1261,1,0,1,10
1262,0,0,1,8
1263,0,0,1,9
1264,1,0,0,5
1265,1,0,0,6
1266,0,1,1,3
1267,1,0,1,10
1268,1,1,0,3
1269,1,0,0,10
1270,1,1,1,4
1271,0,1,1,9
1272,1,0,1,9
1273,1,1,0,9
1274,1,0,1,5
1275,0,1,1,4
1276,1,1,1,2
1277,1,1,1,3
1278,0,1,0,7
1279,0,1,0,8
1280,1,1,1,2
1281,1,1,0,0
1282,0,1,1,3
1283,1,1,0,5
1284,1,1,0,2
1285,0,1,0,2
1286,1,1,1,0
1287,1,1,1,1
1288,1,1,0,0
1289,0,1,0,1
1290,1,1,1,9
1291,1,0,1,1
1292,0,1,0,2
1293,1,0,1,9
1294,1,0,1,6
1295,1,1,1,6
1296,0,1,1,7
1297,1,0,1,4
1298,1,1,1,9
1299,1,0,0,5
1300,0,0,1,8
1301,1,0,0,8
1302,0,0,1,8
1303,1,1,0,6
1304,0,0,0,3
1305,1,0,1,5
1306,1,0,0,1
1307,0,0,1,7
1308,0,1,0,4
1309,1,0,1,2
1310,0,0,0,4
1311,1,1,0,9
1312,1,1,1,4
1313,0,0,0,5
1314,0,0,0,0
1315,0,1,1,6
1316,1,1,0,1
1317,0,0,0,8
1318,1,0,0,10
1319,0,0,0,3
1320,1,0,1,6
1321,0,1,1,4
1322,0,1,1,9
1323,0,0,1,4
1324,0,1,0,4
1325,0,0,1,8
1326,0,1,0,4
1327,0,1,1,5
1328,0,0,0,3
1329,1,1,0,8
1330,0,0,0,8
1331,1,1,0,10
1332,0,1,0,6
1333,1,1,0,9
1334,0,1,0,3
1335,0,1,0,10
1336,1,0,1,9
1337,0,1,0,1
1338,0,1,0,4
1339,1,1,0,8
1340,0,1,1,6
1341,1,0,1,5
1342,1,0,0,2
1343,0,1,1,7
1344,0,0,1,1
1345,0,1,0,7
1346,1,0,0,9
1347,0,0,0,4
1348,1,0,0,4
1349,1,1,0,7
1350,0,0,0,3
1351,0,0,1,6
1352,1,0,0,10
1353,0,1,1,3
1354,1,0,1,7
1355,1,1,1,5
1356,0,1,0,7
1357,1,1,1,0
1358,0,1,1,1
1359,0,1,0,0
1360,1,1,0,10
1361,1,1,0,0
1362,0,0,1,4
1363,1,0,1,3
1364,0,1,0,6
1365,0,0,1,6
1366,1,1,0,6
1367,0,1,0,3
1368,0,1,1,1
1369,0,1,1,1
1370,1,1,1,7
1371,1,0,1,9
1372,0,1,0,8
1373,0,1,0,1
1374,0,0,1,3
1375,0,0,1,7
1376,0,0,1,9
1377,0,0,1,7
1378,1,0,1,1
1379,0,1,1,7
1380,1,0,1,6
1381,1,1,1,5
1382,1,1,1,9
1383,0,0,0,4
1384,1,0,0,8
1385,1,1,0,6
1386,0,1,0,9
1387,0,0,1,6
1388,1,1,0,7
1389,1,1,1,9
1390,0,1,1,4
1391,1,1,0,2
1392,1,1,1,2
1393,1,1,1,9
1394,1,0,1,0
1395,0,0,0,9
1396,0,1,1,5
1397,0,1,1,8
1398,0,1,0,0
1399,0,1,1,2
1400,0,0,0,2
1401,0,0,1,1
1402,1,1,1,8
1403,1,1,1,4
1404,0,1,0,6
1405,1,1,0,7
1406,0,1,1,7
1407,1,0,1,10
1408,0,0,1,10
1409,1,1,0,1
1410,0,1,0,0
1411,1,0,0,6
1412,1,1,0,2
1413,1,0,1,10
1414,1,0,0,0
1415,0,0,0,7
1416,1,1,1,6
1417,0,1,0,0
1418,1,1,0,8
1419,0,1,1,6
1420,0,1,0,2
1421,1,1,0,1
1422,0,1,1,2
1423,0,0,0,6
1424,1,1,0,0
1425,1,1,1,9
1426,0,1,0,4
1427,0,0,1,4
1428,1,1,0,1
1429,0,0,0,0
1430,1,1,1,8
1431,0,0,0,1
1432,0,1,0,8
1433,0,0,0,3
1434,0,1,1,6
1435,0,0,0,2
1436,0,0,1,10
1437,0,0,1,7
1438,0,1,0,5
1439,0,0,0,10
1440,1,1,0,7
1441,1,1,0,1
1442,0,1,0,7
1443,0,1,0,6
1444,0,1,1,6
1445,0,1,0,3
1446,1,1,1,2
1447,1,1,1,3
1448,0,0,1,2
1449,1,0,1,1
1450,1,1,0,2
1451,0,0,1,3
1452,0,0,0,3
1453,0,1,0,8
1454,0,1,0,7
1455,1,1,0,2
1456,1,0,1,3
1457,1,0,1,4
1458,1,1,1,5
1459,1,0,0,6
1460,0,1,0,5
1461,0,1,1,7
1462,0,0,0,2
1463,0,1,1,0
1464,1,1,0,4
1465,0,1,0,1
1466,1,0,0,7
1467,1,1,0,5
1468,1,1,0,10
1469,1,1,1,0
1470,0,1,1,1
1471,1,0,1,0
1472,1,0,0,5
1473,0,1,1,7
1474,1,1,1,2
1475,1,1,0,4
1476,0,1,0,8
1477,1,1,0,10
1478,0,1,0,0
1479,1,0,1,1
1480,0,0,0,2
1481,0,0,0,4
1482,1,0,1,5
1483,0,0,1,10
1484,1,0,1,4
1485,1,0,1,6
1486,1,0,1,5
1487,0,1,1,2
1488,0,0,1,7
1489,1,1,0,1
1490,1,0,0,2
1491,1,1,0,1
1492,0,0,0,3
1493,0,0,0,5
1494,0,0,0,4
1495,1,0,1,9
1496,1,0,0,9
1497,1,0,1,8
1498,1,0,0,4
1499,0,1,1,3
1500,0,0,0,5
1501,1,1,1,6
1502,1,1,1,8
1503,0,1,1,2
1504,1,0,1,1
1505,1,1,1,3
1506,1,0,0,1
1507,1,0,1,4
1508,1,0,1,10
1509,1,1,0,4
1510,0,1,1,9
1511,0,1,0,2
1512,0,1,1,1
1513,0,0,0,1
1514,0,1,0,4
1515,0,1,1,1
1516,1,0,0,3
1517,1,0,1,3
1518,1,1,1,9
1519,0,1,0,9
1520,0,1,0,6
1521,1,1,1,6
1522,0,0,1,8
1523,1,0,1,10
1524,1,0,0,9
1525,1,0,1,6
1526,1,0,1,1
1527,1,1,1,6
1528,0,1,1,2
1529,1,0,0,0
1530,0,0,0,6
1531,1,0,1,0
1532,1,0,1,1
1533,0,0,1,1
1534,0,0,0,0
1535,1,1,1,3
1536,1,1,1,3
1537,0,1,0,4
1538,0,1,0,7
1539,0,1,1,2
1540,0,0,0,0
1541,0,1,0,8
1542,1,0,0,0
1543,1,1,0,8
1544,1,1,0,2
1545,0,1,0,2
1546,1,0,0,3
1547,0,1,1,4
1548,0,1,0,2
1549,1,0,1,0
1550,0,0,0,2
1551,1,1,0,5
1552,0,1,1,9
1553,1,1,1,9
1554,0,0,0,10
1555,1,1,0,2
1556,0,0,0,0
1557,1,0,0,6
1558,0,1,0,0
1559,1,1,0,9
1560,1,1,1,7
1561,0,1,0,9
1562,0,0,1,5
1563,1,0,1,2
1564,0,0,1,3
1565,0,1,0,10
1566,1,1,1,10
1567,0,0,1,0
1568,0,1,0,5
1569,1,1,1,4
1570,0,1,0,6
1571,1,0,1,5
1572,1,0,1,9
1573,0,1,0,8
1574,0,1,0,8
1575,0,0,1,4
1576,0,0,1,9
1577,0,1,1,8
1578,0,0,0,9
1579,0,1,0,0
1580,0,0,0,4
1581,0,0,0,2
1582,0,1,1,6
1583,1,1,0,0
1584,0,0,0,6
1585,1,1,1,1
1586,1,1,1,1
1587,1,1,0,4
1588,1,1,0,7
1589,0,1,1,4
1590,1,0,0,5
1591,0,0,1,0
1592,0,1,1,7
1593,0,1,0,5
1594,0,1,0,9
1595,1,0,0,1
1596,1,0,0,6
1597,1,0,0,10
1598,1,1,0,7
1599,1,1,0,6
1600,0,0,0,6
1601,0,0,0,10
1602,0,1,1,4
1603,1,1,1,3
1604,1,1,1,5
1605,1,0,1,1
1606,1,0,1,10
1607,1,1,0,1
1608,1,1,0,3
1609,0,1,0,9
1610,1,1,1,8
1611,0,0,0,8
1612,0,0,1,5
1613,0,0,0,6
1614,1,1,0,1
1615,0,0,0,2
1616,0,0,0,6
1617,0,1,0,8
1618,0,0,0,1
1619,1,1,0,9
1620,1,0,1,3
1621,0,0,1,10
1622,0,0,0,10
1623,0,0,0,3
1624,1,1,0,6
1625,1,0,0,5
1626,0,1,0,4
1627,0,1,1,3
1628,1,0,0,4
1629,1,1,0,1
1630,1,1,0,3
1631,0,0,0,1
1632,1,0,1,1
1633,0,1,1,2
1634,1,1,1,3
1635,1,1,0,4
1636,0,1,1,3
1637,1,1,1,9
1638,0,0,0,7
1639,1,1,1,9
1640,1,0,0,7
1641,1,1,0,6
1642,1,0,1,9
1643,1,0,0,4
1644,0,1,0,5
1645,0,0,0,3
1646,0,1,0,10
1647,1,0,0,6
1648,1,0,0,10
1649,0,0,0,2
1650,0,0,1,0
1651,1,1,0,5
1652,0,1,0,5
1653,1,1,0,9
1654,1,1,0,1
1655,1,0,0,3
1656,1,1,0,10
1657,0,1,1,6
1658,1,0,1,0
1659,0,0,0,9
1660,0,1,0,0
1661,1,0,1,9
1662,0,1,0,7
1663,0,1,1,2
1664,0,0,0,5
1665,0,1,0,10
1666,0,1,1,3
1667,1,1,0,9
1668,0,0,1,9
1669,1,1,0,10
1670,0,0,0,1
1671,0,1,1,4
1672,0,0,0,3
1673,0,0,1,5
1674,0,0,1,6
1675,1,0,0,1
1676,1,1,0,7
1677,0,1,0,2
1678,1,1,1,8
1679,1,0,0,8
1680,0,0,1,2
1681,0,1,1,2
1682,1,1,0,7
1683,1,0,0,9
1684,0,1,1,6
1685,1,1,1,6
1686,1,1,1,10
1687,1,0,0,1
1688,1,1,0,3
1689,1,0,0,2
1690,0,1,1,7
1691,0,1,0,2
1692,0,0,1,10
1693,1,0,0,1
1694,1,1,0,4
1695,1,1,0,10
1696,1,1,0,6
1697,0,0,0,1
1698,0,0,0,1
1699,1,1,1,9
1700,1,1,1,0
1701,1,0,1,10
1702,0,0,0,1
1703,0,0,1,1
1704,1,1,0,4
1705,1,1,0,0
1706,1,1,0,3
1707,1,1,0,3
1708,0,1,0,3
1709,0,0,0,1
1710,0,1,1,4
1711,0,0,1,10
1712,1,0,0,8
1713,1,1,1,5
1714,0,1,0,8
1715,0,1,0,8
1716,0,1,0,8
1717,1,0,0,7
1718,0,0,0,1
1719,1,1,0,7
1720,1,0,1,6
1721,0,1,1,2
1722,1,0,0,2
1723,1,1,0,5
1724,1,1,1,6
1725,0,0,1,10
1726,0,1,1,7
1727,0,0,1,2
1728,0,1,1,3
1729,1,1,0,9
1730,0,1,1,10
1731,1,0,1,9
1732,1,0,0,7
1733,0,0,1,2
1734,1,1,0,3
1735,1,1,0,5
1736,1,0,0,6
1737,1,0,1,10
1738,1,0,1,0
1739,0,0,1,1
1740,1,1,0,9
1741,1,0,0,10
1742,0,0,0,0
1743,1,1,1,6
1744,1,0,1,3
1745,0,1,1,7
1746,0,1,0,0
1747,0,0,1,2
1748,1,0,1,6
1749,0,0,1,0
1750,1,1,0,8
1751,1,1,0,5
1752,1,1,0,0
1753,0,1,1,0
1754,0,1,1,2
1755,0,1,0,6
1756,0,0,0,6
1757,1,1,1,5
1758,1,0,1,9
1759,0,1,0,8
1760,0,1,0,0
1761,0,1,1,1
1762,1,0,0,1
1763,1,1,0,1
1764,1,1,1,5
1765,1,1,1,9
1766,0,1,1,6
1767,0,0,0,4
1768,1,0,1,7
1769,0,1,0,3
1770,0,0,0,6
1771,0,1,0,10
1772,1,0,1,10
1773,1,0,0,0
1774,1,0,1,8
1775,0,1,1,9
1776,1,1,0,0
1777,0,0,1,0
1778,0,0,1,5
1779,0,0,0,0
1780,1,0,1,9
1781,1,0,0,7
1782,0,1,0,6
1783,1,1,0,6
1784,0,1,1,4
1785,0,0,1,3
1786,1,0,1,7
1787,0,0,0,5
1788,0,1,0,5
1789,0,1,1,10
1790,1,1,0,10
1791,1,0,0,0
1792,0,0,0,5
1793,1,0,1,3
1794,0,0,1,8
1795,0,0,0,6
1796,0,0,0,6
1797,1,1,0,3
1798,1,1,0,2
1799,0,0,1,3
1800,0,1,0,10
1801,0,1,1,6
1802,1,0,1,8
1803,0,0,1,2
1804,0,1,1,10
1805,1,0,0,9
1806,1,0,0,2
1807,1,0,1,9
1808,0,1,0,8
1809,0,1,0,7
1810,1,1,0,3
1811,0,0,1,7
1812,0,0,1,7
1813,0,1,0,7
1814,0,1,0,1
1815,0,1,1,7
1816,1,0,1,0
1817,0,0,1,4
1818,0,1,0,5
1819,1,1,0,1
1820,0,1,0,2
1821,1,0,1,9
1822,1,0,1,3
1823,0,1,1,1
1824,0,1,1,5
1825,0,0,1,1
1826,0,1,0,4
1827,0,0,0,2
1828,0,1,0,3
1829,0,1,0,7
1830,0,1,1,6
1831,1,1,1,2
1832,1,0,1,3
1833,1,1,0,0
1834,0,0,0,9
1835,1,0,1,3
1836,0,0,0,0
1837,1,0,0,7
1838,1,0,0,9
1839,1,0,1,3
1840,0,0,0,6
1841,1,0,1,4
1842,0,1,0,7
1843,0,0,1,10
1844,0,1,0,0
1845,0,0,0,1
1846,0,0,0,5
1847,1,1,1,5
1848,0,0,1,2
1849,0,0,0,9
1850,0,1,0,9
1851,0,1,1,9
1852,0,1,0,5
1853,1,0,0,6
1854,0,0,1,10
1855,0,1,0,1
1856,1,1,1,10
1857,0,1,0,4
1858,0,1,1,9
1859,0,0,1,2
1860,0,0,0,7
1861,0,1,0,10
1862,0,0,0,9
1863,0,1,0,2
1864,1,0,1,6
1865,1,1,1,6
1866,0,0,1,8
1867,0,1,1,7
1868,0,1,1,5
1869,1,1,0,6
1870,1,1,1,0
1871,0,0,1,1
1872,0,0,0,2
1873,1,0,1,5
1874,1,1,0,1
1875,0,0,0,4
1876,0,0,0,6
1877,0,1,1,10
1878,1,1,0,7
1879,0,1,1,10
1880,1,0,1,8
1881,0,1,1,3
1882,1,1,0,5
1883,0,1,1,8
1884,1,0,0,9
1885,1,1,0,1
1886,1,1,1,6
1887,0,1,1,8
1888,1,1,1,9
1889,0,0,0,3
1890,0,0,0,0
1891,0,0,1,7
1892,0,1,1,7
1893,0,0,0,8
1894,0,0,1,3
1895,1,0,1,1
1896,1,1,1,10
1897,1,1,1,7
1898,1,1,1,10
1899,1,1,0,9
1900,0,1,0,10
1901,1,1,1,3
1902,1,0,1,6
1903,0,0,1,3
1904,1,0,1,8
1905,0,0,0,9
1906,1,1,0,3
1907,1,0,1,10
1908,0,1,0,6
1909,1,0,0,4
1910,1,0,0,3
1911,1,0,1,9
1912,0,1,0,4
1913,0,0,0,4
1914,1,0,0,7
1915,0,0,0,6
1916,0,0,0,1
1917,0,0,1,8
1918,0,1,1,1
1919,0,1,1,2
1920,0,1,1,10
1921,0,0,1,7
1922,1,0,1,7
1923,0,0,1,6
1924,0,0,1,6
1925,1,0,0,0
1926,1,0,1,9
1927,0,0,0,8
1928,0,1,0,8
1929,0,1,1,9
1930,1,1,1,8
1931,1,1,1,10
1932,0,0,1,9
1933,1,1,1,4
1934,1,1,0,0
1935,0,0,0,10
1936,0,0,0,5
1937,0,1,0,7
1938,1,0,1,0
1939,1,1,0,9
1940,0,0,0,0
1941,0,1,0,7
1942,1,0,1,0
1943,1,0,0,6
1944,1,0,0,9
1945,1,0,1,7
1946,1,0,0,10
1947,0,1,0,3
1948,1,0,0,4
1949,0,0,1,8
1950,1,1,1,7
1951,0,1,1,7
1952,1,0,1,8
1953,1,0,0,8
1954,0,0,1,10
1955,1,1,0,7
1956,1,1,1,4
1957,0,1,0,9
1958,0,1,0,5
1959,1,1,0,4
1960,0,1,0,2
1961,0,0,0,3
1962,1,0,1,9
1963,1,0,0,9
1964,0,1,1,1
1965,0,0,0,1
1966,0,0,0,7
1967,1,0,0,0
1968,0,0,1,3
1969,1,1,0,6
1970,0,1,0,5
1971,1,0,0,0
1972,0,0,1,7
1973,1,0,1,4
1974,0,0,1,1
1975,0,0,1,5
1976,0,1,0,0
1977,1,0,1,9
1978,1,0,0,2
1979,0,0,1,8
1980,0,0,1,9
1981,0,0,0,4
1982,0,0,1,2
1983,1,1,1,2
1984,1,1,0,1
1985,0,0,0,9
1986,0,0,0,1
1987,1,0,0,10
1988,1,1,0,8
1989,0,1,1,6
1990,0,0,1,0
1991,1,0,1,1
1992,0,0,1,2
1993,0,1,0,0
1994,0,0,1,6
1995,0,0,0,4
1996,1,1,1,9
1997,1,0,1,1
1998,0,1,0,5
1999,0,0,0,9
2000,0,1,1,1
2001,1,1,1,0
2002,1,0,0,6
2003,1,0,1,7
2004,1,0,1,4
2005,0,0,1,9
2006,0,0,1,2
2007,1,0,0,2
2008,0,1,1,2
2009,0,1,0,8
2010,1,0,1,6
2011,0,1,0,6
2012,1,1,1,3
2013,1,0,1,5
2014,1,0,0,10
2015,1,0,0,9
2016,1,0,0,2
2017,0,0,1,4
2018,1,1,0,0
2019,1,1,0,3
2020,0,1,1,3
2021,0,1,1,9
2022,1,0,1,5
2023,1,0,0,7
2024,0,0,1,8
2025,1,1,0,6
2026,0,0,0,10
2027,1,0,1,10
2028,0,1,1,6
2029,0,1,1,7
2030,1,1,0,10
2031,0,0,0,4
2032,0,0,1,2
2033,1,0,1,7
2034,1,1,1,5
2035,0,1,0,7
2036,1,0,1,8
2037,0,0,0,3
2038,0,0,1,2
2039,0,1,1,8
2040,1,0,0,1
2041,1,1,1,2
2042,1,0,1,2
2043,1,0,1,8
2044,1,0,0,10
2045,1,0,0,10
2046,1,1,1,3
2047,1,0,0,4
2048,1,1,0,1
2049,1,0,1,10
2050,0,0,1,4
2051,0,1,0,1
2052,1,0,1,6
2053,0,0,1,8
2054,1,1,1,6
2055,1,1,0,0
2056,0,1,1,10
2057,1,0,0,4
2058,0,1,1,4
2059,0,0,0,10
2060,0,0,0,10
2061,1,1,1,0
2062,0,0,0,0
2063,1,1,1,9
2064,0,0,0,9
2065,1,1,1,5
2066,1,1,0,3
2067,1,1,0,6
2068,1,0,1,0
2069,0,0,0,3
2070,0,1,0,4
2071,0,1,1,4
2072,1,0,1,8
2073,0,1,1,9
2074,0,1,1,4
2075,0,1,1,10
2076,0,0,1,6
2077,1,1,1,10
2078,0,0,1,5
2079,0,1,0,6
2080,1,1,1,8
2081,0,0,0,7
2082,0,0,0,8
2083,0,1,0,4
2084,0,1,1,0
2085,0,0,1,2
2086,1,0,0,1
2087,1,0,0,2
2088,1,1,0,7
2089,1,1,1,10
2090,0,1,1,5
2091,1,1,0,6
2092,1,1,1,8
2093,1,0,0,0
2094,1,0,1,7
2095,0,0,1,6
2096,1,0,1,5
2097,0,0,0,0
2098,1,0,1,9
2099,1,0,0,10
2100,1,1,0,1
2101,0,1,1,1
2102,0,0,0,2
2103,1,1,1,2
2104,1,1,0,5
2105,1,1,1,4
2106,0,1,1,9
2107,0,1,0,2
2108,1,0,1,9
2109,1,1,1,4
2110,0,0,0,7
2111,0,1,0,1
2112,0,1,1,6
2113,1,1,0,2
2114,1,0,0,3
2115,1,1,0,0
2116,0,0,0,7
2117,1,0,0,9
2118,0,0,1,1
2119,1,1,1,8
2120,0,0,0,5
2121,0,0,0,8
2122,0,0,0,6
2123,0,0,0,0
2124,1,1,1,10
2125,0,1,1,4
2126,1,1,1,7
2127,1,1,0,10
2128,0,0,1,1
2129,1,1,1,9
2130,0,0,1,5
2131,0,0,1,3
2132,1,0,0,9
2133,0,0,1,10
2134,1,1,0,5
2135,0,1,0,1
2136,1,1,0,2
2137,0,1,1,6
2138,0,1,0,10
2139,1,0,0,2
2140,0,1,0,6
2141,0,1,1,8
2142,1,1,0,4
2143,1,1,0,6
2144,0,0,0,4
2145,1,1,1,7
2146,1,1,1,5
2147,0,1,1,1
2148,1,1,0,9
2149,1,0,0,7
2150,1,0,0,2
2151,1,0,1,8
2152,1,0,1,7
2153,1,1,0,4
2154,0,1,0,9
2155,0,0,1,9
2156,1,1,1,7
2157,0,1,1,8
2158,0,1,1,8
2159,0,1,1,1
2160,0,1,1,5
2161,0,0,1,5
2162,0,0,0,1
2163,1,1,0,8
2164,1,0,0,6
2165,1,1,0,4
2166,1,1,1,8
2167,1,1,1,9
2168,0,1,0,4
2169,0,1,1,9
2170,0,1,1,1
2171,0,1,0,5
2172,0,0,1,10
2173,1,0,1,9
2174,0,0,1,7
2175,1,1,0,1
2176,1,0,0,10
2177,1,0,1,0
2178,1,1,1,5
2179,1,0,1,2
2180,1,1,0,6
2181,0,1,1,0
2182,1,1,1,3
2183,0,1,0,3
2184,1,0,0,3
2185,0,0,0,9
2186,1,1,0,3
2187,0,0,0,9
2188,1,0,1,7
2189,1,1,1,1
2190,0,0,1,1
2191,0,0,0,1
2192,0,1,1,5
2193,1,1,1,6
2194,1,0,1,0
2195,0,1,0,10
2196,0,1,0,7
2197,0,1,0,8
2198,0,1,1,6
2199,1,1,1,10
2200,1,0,1,2
2201,1,0,0,6
2202,1,0,1,6
2203,1,0,0,1
2204,0,1,1,3
2205,1,0,0,3
2206,0,1,1,4
2207,0,0,0,0
2208,0,1,0,10
2209,0,1,1,6
2210,0,1,1,9
2211,0,0,1,7
2212,0,0,1,2
2213,0,1,0,3
2214,0,1,0,5
2215,0,1,1,4
2216,1,0,0,3
2217,1,1,1,3
2218,1,1,1,5
2219,1,0,1,10
2220,0,0,0,4
2221,1,1,0,8
2222,1,0,1,5
2282,0,0,0,5
2283,1,0,1,9
2284,0,0,0,1
2285,1,0,1,3
2286,1,0,1,9
2287,1,0,1,10
2288,1,0,1,6
2289,1,0,1,1
2290,0,1,1,0
2291,1,1,1,7
2292,0,0,1,1
2293,1,1,0,2
2294,0,0,1,1
2295,1,1,0,7
2296,1,1,1,4
2297,1,0,1,9
2298,1,1,0,4
2299,0,1,0,9
2300,1,1,0,7
2301,0,0,0,6
2302,1,0,1,6
2303,0,1,1,2
2304,0,1,0,10
2305,0,0,1,10
2306,1,0,0,8
2307,1,1,0,0
2308,0,1,0,2
2309,0,0,1,9
2310,0,0,0,0
2311,1,1,1,2
2312,0,0,0,9
2313,0,1,1,9
2314,0,1,0,0
2315,1,0,1,9
2316,1,0,1,10
2317,0,0,1,6
2318,0,1,0,4
2319,0,0,0,8
2320,1,1,0,7
2321,1,1,1,9
2322,0,1,1,7
2323,0,1,1,8
2324,0,1,1,10
2325,0,0,1,6
2326,1,1,0,3
2327,1,1,1,0
2328,0,0,0,6
2329,1,0,1,0
2330,1,1,0,4
2331,1,1,1,5
2332,1,1,0,6
2333,1,1,0,9
2334,0,1,0,4
2335,0,0,0,4
2336,0,0,1,9
2337,0,1,1,1
2338,1,0,1,3
2339,0,1,1,0
2340,1,1,1,7
2341,0,0,1,10
2342,1,1,1,5
2343,0,1,0,1
2344,0,0,1,6
2345,0,1,0,9
2346,1,0,0,3
2347,1,0,1,3
2348,1,1,0,1
2349,1,0,1,0
2350,0,1,0,6
2351,1,0,1,3
2352,0,0,1,1
2353,0,0,1,3
2354,1,0,0,5
2355,0,0,1,1
2356,0,1,1,3
2357,0,1,0,1
2358,0,0,1,0
2359,1,1,1,6
2360,1,0,0,5
2361,0,1,1,10
2362,0,0,1,3
2363,0,1,1,8
2364,1,0,0,7
2365,1,1,0,1
2366,0,1,0,4
2367,1,1,1,4
2368,0,1,0,4
2369,0,1,0,6
2370,0,1,0,3
2371,0,0,0,6
2372,0,0,0,4
2373,0,1,0,2
2374,1,0,1,7
2375,1,0,1,7
2376,0,1,1,8
2377,0,0,0,7
2378,0,1,0,6
2379,1,1,1,0
2380,1,1,1,2
2381,0,1,0,2
2382,1,1,1,5
2383,1,0,1,7
2384,0,0,1,10
2385,1,1,1,0
2386,0,0,1,2
2387,0,1,0,4
2388,1,0,1,2
2389,0,1,0,2
2390,1,1,1,2
2391,0,0,1,8
2392,0,0,0,7
2393,1,1,0,9
2394,0,1,1,4
2395,1,1,1,9
2396,0,1,0,2
2397,0,0,0,7
2398,1,0,1,8
2399,0,0,1,9
2400,1,0,0,7
2401,1,0,0,6
2402,0,1,1,3
2403,1,0,1,5
2404,0,0,0,6
2405,0,0,1,1
2406,1,0,0,7
2407,0,1,1,8
2408,0,0,1,5
2409,0,0,0,8
2410,0,0,1,1
2411,1,0,0,8
2412,0,0,1,5
2413,1,1,0,9
2414,1,1,0,4
2415,0,1,0,4
2416,1,0,1,8
2417,1,1,1,10
2418,0,1,0,7
2419,1,0,1,6
2420,1,1,0,10
2421,1,0,1,9
2422,0,1,1,8
2423,1,0,1,2
2424,1,1,0,9
2425,0,1,1,6
2426,0,0,1,10
2427,0,1,0,2
2428,1,0,1,6
2429,1,0,1,10
2430,1,0,1,3
2431,0,0,1,5
2432,0,0,0,4
2433,1,1,1,2
2434,0,1,0,1
2435,0,1,1,5
2436,0,0,1,0
2437,0,1,1,3
2438,1,1,0,4
2439,1,0,1,10
2440,1,1,1,5
2441,1,0,0,7
2442,1,0,0,0
2443,0,0,0,7
2444,1,0,0,6
2445,0,0,0,6
2446,0,0,1,10
2447,0,0,1,9
2448,1,0,0,10
2449,1,1,1,10
2450,0,1,0,9
2451,1,1,1,0
2452,0,0,0,9
2453,1,0,1,1
2454,1,1,0,8
2455,0,0,0,2
2456,1,0,0,9
2457,1,1,1,3
2458,1,0,0,7
2459,0,0,0,10
2460,0,0,1,3
2461,1,0,0,8
2462,1,0,1,8
2463,0,0,0,2
2464,0,1,0,10
2465,0,0,1,1
2466,0,1,0,4
2467,1,0,0,4
2468,0,0,1,10
2469,1,0,0,8
2470,1,1,1,2
2471,1,1,0,0
2472,1,0,1,3
2473,0,0,0,7
2474,0,1,0,7
2475,1,1,0,1
2476,1,0,1,0
2477,0,0,0,6
2478,1,0,1,10
2479,0,1,0,6
2480,1,0,0,4
2481,0,0,0,9
2482,0,1,0,4
2483,0,0,1,0
2484,1,0,0,9
2485,1,0,1,10
2486,1,1,1,1
2487,0,0,1,2
2488,1,1,1,8
2489,0,0,1,1
2490,0,1,1,2
2491,0,1,0,9
2492,1,0,1,8
2493,1,0,0,2
2494,0,0,0,5
2495,1,1,1,5
2496,1,0,1,3
2497,0,1,0,10
2498,0,1,0,7
2499,0,1,0,2
2500,1,1,1,8
2501,1,0,0,9
2502,0,0,1,2
2503,1,1,1,10
2504,1,0,0,7
2505,0,0,0,3
2506,0,1,0,3
2507,0,0,0,10
2508,0,0,1,10
2509,1,0,1,10
2510,1,1,0,6
2511,0,1,1,5
2512,1,0,0,9
2513,0,0,0,4
2514,1,0,1,7
2515,0,1,1,0
2516,1,1,0,6
2517,0,0,1,5
2518,1,1,1,2
2519,1,1,1,2
2520,1,1,0,4
2521,0,1,0,3
2522,1,0,1,9
2523,0,0,1,8
2524,0,1,1,0
2525,0,1,1,4
2526,1,1,1,9
2527,1,1,0,3
2528,1,1,1,0
2529,1,0,0,3
2530,0,1,0,0
2531,1,1,1,6
2532,0,0,0,0
2533,1,1,0,6
2534,0,0,1,2
2535,0,1,0,4
2536,1,1,1,0
2537,1,0,1,1
2538,0,1,1,0
2539,1,1,0,9
2540,1,1,0,3
2541,1,1,1,9
2542,0,1,1,8
2543,1,0,1,6
2544,1,1,0,3
2545,0,0,0,5
2546,0,0,1,4
2547,0,0,1,3
2548,1,0,1,8
2549,1,0,0,7
2550,1,1,0,5
2551,0,1,0,6
2552,0,1,0,4
2553,0,1,1,2
2554,1,1,1,8
2555,1,0,1,10
2556,0,0,0,0
2557,0,0,0,8
2558,0,0,0,3
2559,1,1,1,4
2560,0,1,1,2
2561,0,0,0,10
2562,0,0,1,3
2563,0,1,0,8
2564,1,0,1,8
2565,1,0,1,7
2566,0,1,1,5
2567,0,0,0,0
2568,1,1,1,4
2569,1,0,0,4
2570,0,0,0,8
2571,0,1,0,3
2572,1,1,0,7
2573,0,1,1,8
2574,0,0,0,9
2575,1,1,1,10
2576,0,1,1,6
2577,0,0,0,6
2578,0,0,0,0
2579,0,1,1,3
2580,0,0,0,7
2581,1,1,0,9
2582,1,0,0,3
2583,0,1,0,1
2584,0,0,1,0
2585,0,1,0,7
2586,0,1,1,1
2587,1,1,1,1
2588,0,0,1,7
2589,1,0,1,7
2590,0,1,1,3
2591,1,0,1,9
2592,1,1,1,4
2593,1,1,0,10
2594,1,0,0,0
2595,0,0,0,8
2596,0,1,1,3
2597,0,1,1,5
2598,0,1,1,4
2599,0,1,1,2
2600,1,1,1,9
2601,1,0,0,5
2602,1,0,1,3
2603,0,1,0,9
2604,1,1,0,8
2605,1,0,1,3
2606,0,0,0,0
2607,0,1,0,9
2608,0,0,1,8
2609,1,0,1,4
2610,0,1,0,0
2611,0,1,0,2
2612,0,0,0,5
2613,0,1,1,3
2614,1,0,0,2
2615,0,1,1,3
2616,1,1,0,0
2617,0,1,0,5
2618,1,0,1,10
2619,0,0,0,4
2620,1,1,0,4
2621,1,1,0,7
2622,0,0,1,4
2623,1,1,0,8
2624,0,1,1,6
2625,0,1,0,3
2626,0,0,1,6
2627,0,1,1,10
2628,1,1,0,2
2629,0,1,0,5
2630,0,1,1,8
2631,1,1,1,4
2632,1,0,0,0
2633,0,1,1,7
2634,0,1,1,4
2635,0,0,1,1
2636,0,0,1,5
2637,0,1,1,0
2638,0,0,1,2
2639,1,0,0,6
2640,1,0,1,8
2641,0,0,1,10
2642,0,0,0,2
2643,0,0,0,9
2644,1,1,1,6
2645,1,0,1,10
2646,1,1,1,1
2647,1,0,1,7
2648,0,0,1,3
2649,0,0,1,2
2650,0,0,0,10
2651,0,1,1,0
2652,0,1,0,8
2653,1,1,1,9
2654,0,0,0,0
2655,1,0,0,3
2656,0,1,1,8
2657,1,0,1,9
2658,0,1,1,8
2659,0,0,0,4
2660,0,0,0,4
2661,1,1,0,0
2662,1,0,1,10
2663,1,0,1,10
2664,1,0,0,5
2665,0,0,1,5
2666,1,1,1,1
2667,0,1,1,0
2668,0,1,1,6
2669,0,0,1,1
2670,1,1,1,2
2671,1,1,1,0
2672,0,1,1,7
2673,1,0,1,5
2674,1,1,0,7
2675,1,0,0,5
2676,0,0,1,8
2677,1,0,0,5
2678,1,1,0,1
2679,0,1,1,10
2680,0,1,0,7
2681,1,1,0,1
2682,1,0,0,6
2683,0,0,0,10
2684,0,1,1,8
2685,0,0,1,5
2686,1,1,0,9
2687,0,0,0,4
2688,1,0,0,9
2689,0,0,1,2
2690,0,0,0,10
2691,1,1,0,10
2692,1,1,1,10
2693,0,1,0,9
2694,1,1,0,2
2695,1,0,0,4
2696,1,0,1,5
2697,0,1,1,10
2698,0,1,0,4
2699,0,1,1,7
2700,1,0,0,8
2701,1,1,0,5
2702,1,0,1,0
2703,0,0,1,1
2704,1,1,1,9
2705,1,1,1,0
2706,1,0,1,10
2707,1,1,0,7
2708,0,1,1,8
2709,1,1,1,10
2710,1,0,1,3
2711,1,0,0,6
2712,0,0,1,10
2713,1,1,0,1
2714,0,1,0,10
2715,0,1,1,3
2716,1,1,0,7
2717,1,1,1,1
2718,1,1,1,10
2719,1,0,1,5
2720,0,1,0,0
2721,0,0,1,2
2722,0,0,1,7
2723,0,1,1,8
2724,0,0,1,2
2725,0,0,1,4
2726,1,0,1,10
2727,0,0,1,9
2728,1,1,0,5
2729,0,0,0,6
2730,1,1,0,4
2731,1,1,0,7
2732,1,1,0,7
2733,1,1,0,0
2734,1,0,1,0
2735,1,0,1,1
2736,0,1,0,5
2737,1,0,0,0
2738,1,0,1,7
2739,1,0,0,3
2740,0,1,0,7
2741,1,0,1,3
2742,1,1,0,3
2743,1,0,0,3
2744,0,1,1,6
2745,0,0,0,1
2746,1,0,1,6
2747,1,1,1,1
2748,0,1,0,9
2749,1,1,1,4
2750,0,1,0,8
2751,0,1,0,5
2752,0,1,0,7
2753,0,0,0,9
2754,0,0,1,10
2755,1,1,1,7
2756,0,0,0,7
2757,0,0,1,1
2758,0,1,0,5
2759,1,0,0,3
2760,1,1,0,10
2761,0,1,0,6
2762,0,1,1,0
2763,1,0,0,3
2764,1,1,1,8
2765,0,0,0,10
2766,1,1,0,2
2767,0,0,0,10
2768,0,1,0,7
2769,0,1,0,5
2770,1,1,1,9
2771,1,1,0,4
2772,1,0,0,0
2773,1,1,0,4
2774,1,0,1,5
2775,0,0,0,8
2776,0,0,0,6
2777,0,0,0,3
2778,1,0,0,7
2779,0,0,0,4
2780,1,1,1,6
2781,0,1,0,8
2782,0,0,1,7
2783,0,0,1,7
2784,0,1,1,5
2785,0,1,1,0
2786,1,1,0,5
2787,0,0,0,8
2788,1,1,1,3
2789,1,0,1,9
2790,1,1,1,5
2791,0,1,0,5
2792,0,1,0,7
2793,0,0,1,1
2794,1,0,0,10
2795,0,1,0,0
2796,0,1,0,10
2797,1,1,0,10
2798,0,0,0,7
2799,0,0,1,9
2800,0,0,0,4
2801,1,1,0,3
2802,1,0,0,6
2803,0,0,1,7
2804,1,0,0,1
2805,0,1,0,4
2806,0,0,0,4
2807,0,1,1,10
2808,1,0,1,0
2809,0,0,0,6
2810,0,1,1,8
2811,1,1,0,6
2812,1,0,1,5
2813,0,1,1,0
2814,0,0,0,9
2815,1,1,1,2
2816,0,1,0,7
2817,0,0,1,1
2818,1,1,0,6
2819,0,1,1,10
2820,0,0,0,6
2821,1,0,1,4
2822,0,0,1,4
2823,1,1,1,9
2824,1,1,0,4
2825,0,0,1,4
2826,0,0,0,6
2827,1,1,0,3
2828,0,0,0,3
2829,0,1,0,5
2830,1,1,0,8
2831,1,1,1,7
2832,0,0,1,5
2833,1,1,1,2
2834,1,1,1,4
2835,0,1,1,1
2836,1,1,1,1
2837,0,1,1,4
2838,1,0,0,6
2839,1,1,0,10
2840,1,0,1,6
2841,0,0,1,10
2842,0,0,0,10
2843,1,1,1,0
2844,0,1,0,7
2845,0,1,0,1
2846,0,1,0,4
2847,1,0,1,1
2848,1,0,0,4
2849,0,0,1,2
2850,1,1,1,2
2851,1,1,1,5
2852,1,0,0,2
2853,0,1,0,3
2854,0,1,1,5
2855,1,0,1,7
2856,0,0,1,0
2857,0,0,1,1
2858,1,1,0,7
2859,1,1,0,7
2860,1,0,0,6
2861,1,1,1,6
2862,1,1,1,0
2863,0,1,1,7
2864,0,1,1,0
2865,0,1,0,9
2866,0,0,1,10
2867,0,1,0,1
2868,0,0,1,8
2869,0,0,0,6
2870,1,0,1,7
2871,0,0,0,6
2872,1,1,1,6
2873,0,1,0,1
2874,0,1,1,10
2875,1,1,1,0
2876,1,1,1,10
2877,0,0,1,2
2878,0,0,1,3
2879,0,0,1,0
2880,1,1,1,8
2881,1,0,1,9
2882,1,1,0,5
2883,0,0,0,8
2884,0,0,0,2
2885,1,0,1,7
2886,1,1,1,5
2887,0,0,0,5
2888,0,0,0,10
2889,1,0,1,10
2890,0,0,0,0
2891,0,1,1,10
2892,1,0,1,6
2893,1,0,0,2
2894,0,1,0,5
2895,0,1,1,9
2896,1,1,1,7
2897,0,1,1,4
2898,0,0,0,6
2899,0,0,1,10
2900,1,0,0,2
2901,0,1,1,7
2902,0,0,1,6
2903,0,0,1,6
2904,1,0,0,8
2905,0,0,1,0
2906,1,0,0,10
2907,0,0,1,5
2908,0,1,1,9
2909,0,1,0,4
2910,0,1,0,2
2911,0,1,1,4
2912,0,0,1,10
2913,1,0,1,2
2914,1,0,0,0
2915,1,1,0,8
2916,1,0,1,0
2917,0,0,1,6
2918,0,1,0,3
2919,0,1,1,9
2920,1,0,1,3
2921,0,1,0,1
2922,1,0,1,7
2923,0,0,0,10
2924,1,1,0,0
2925,1,0,1,7
2926,1,1,0,7
2927,0,1,0,3
2928,1,0,1,0
2929,1,0,0,9
2930,1,1,0,8
2931,0,0,0,3
2932,0,0,0,0
2933,1,1,1,6
2934,0,1,0,4
2935,1,0,0,7
2936,0,0,1,10
2937,0,0,1,5
2938,1,1,0,10
2939,1,1,0,4
2940,1,0,0,4
2941,1,1,0,1
2942,0,1,1,7
2943,1,0,0,0
2944,1,0,1,3
2945,0,1,1,0
2946,1,0,1,2
2947,1,0,1,5
2948,1,0,1,3
2949,0,1,0,9
2950,0,0,1,2
2951,1,0,1,4
2952,0,1,1,2
2953,1,0,0,5
2954,0,1,1,7
2955,1,1,1,6
2956,0,1,0,10
2957,1,1,0,7
2958,1,0,0,1
2959,0,1,1,2
2960,0,0,1,8
2961,1,1,0,0
2962,1,1,1,7
2963,0,0,1,2
2964,1,1,0,5
2965,1,1,0,8
2966,0,1,1,7
2967,1,1,0,9
2968,0,1,0,5
2969,0,1,0,3
2970,1,0,0,1
2971,0,0,1,1
2972,0,0,0,8
2973,1,1,1,0
2974,1,0,1,10
2975,1,1,0,1
2976,0,0,1,0
2977,0,0,1,7
2978,0,0,0,0
2979,1,0,0,3
2980,0,1,0,1
2981,0,0,0,7
2982,1,1,1,8
2983,0,0,1,1
2984,1,1,0,4
2985,1,0,0,4
2986,0,0,0,5
2987,1,1,0,10
2988,1,1,0,10
2989,1,0,1,6
2990,0,1,1,0
2991,1,0,1,2
2992,1,0,0,9
2993,0,0,0,3
2994,1,1,0,5
2995,1,1,1,5
2996,0,1,0,6
2997,1,0,1,6
2998,1,0,1,4
2999,0,1,0,6
3000,0,1,1,7
3001,0,0,0,8
3002,1,1,1,9
3003,1,1,0,9
3004,0,0,1,8
3005,1,1,0,9
3006,1,0,1,4
3007,1,1,1,3
3008,1,0,1,1
3009,0,1,0,7
3010,1,1,1,7
3011,0,1,1,10
3012,0,1,0,8
3013,0,0,0,4
3014,0,0,1,10
3015,1,1,1,9
3016,1,1,0,2
3017,1,0,0,10
3018,0,1,0,2
3019,1,0,0,4
3020,1,0,1,7
3021,1,0,0,3
3022,0,0,0,9
3023,1,0,0,9
3024,0,0,0,4
3025,0,1,0,0
3026,1,1,0,0
3027,0,1,0,2
3028,0,1,0,10
3029,1,0,0,6
3030,1,1,0,9
3031,1,0,0,7
3032,1,1,0,6
3033,0,0,0,8
3034,0,1,1,3
3035,1,1,1,6
3036,1,0,0,5
3037,0,1,1,6
3038,1,0,0,1
3039,1,0,1,8
3040,1,1,1,4
3041,1,0,1,5
3042,1,1,1,0
3043,1,1,1,4
3044,1,0,0,0
3045,0,1,0,3
3046,0,0,1,9
3047,1,0,0,4
3048,0,1,1,9
3049,0,0,1,0
3050,0,0,0,6
3051,1,0,1,2
3052,0,1,0,2
3053,0,0,0,4
3054,1,0,1,6
3055,0,0,0,10
3056,0,1,1,1
3057,1,0,1,1
3058,1,0,1,0
3059,0,1,0,7
3060,1,1,1,4
3061,0,1,1,9
3062,1,0,0,6
3063,0,1,1,1
3064,0,1,0,10
3065,0,1,0,1
3066,0,0,0,9
3067,0,0,0,0
3068,0,0,0,5
3069,1,0,1,9
3070,1,0,0,0
3071,0,0,1,9
3072,0,0,0,9
3073,0,1,0,7
3074,0,1,1,4
3075,0,1,1,5
3076,0,1,1,8
3077,1,0,0,2
3078,1,1,1,6
3079,1,1,0,4
3080,1,1,0,9
3081,1,0,0,5
3082,0,0,1,0
3083,0,0,0,8
3084,1,1,0,1
3085,1,1,1,10
3086,0,0,1,9
3087,1,0,1,3
3088,0,0,0,0
3089,1,0,1,7
3090,0,0,0,7
3091,0,1,0,6
3092,0,0,0,8
3093,1,0,0,10
3094,0,1,0,7
3095,0,0,1,9
3096,0,0,0,8
3097,0,0,0,9
3098,1,0,1,5
3099,1,0,1,2
3100,1,0,1,6
3101,0,1,0,4
3102,1,0,0,3
3103,0,0,0,4
3104,1,0,1,5
3105,0,1,1,10
3106,1,1,1,7
3107,1,1,0,1
3108,0,1,1,5
3109,1,1,0,10
3110,0,0,0,6
3111,1,1,1,6
3112,1,1,0,1
3113,0,1,0,5
3114,1,0,1,9
3115,1,1,0,2
3116,1,1,1,3
3117,0,0,1,4
3118,0,1,0,6
3119,1,0,0,1
3120,1,1,1,2
3121,1,0,1,3
3122,1,1,1,1
3123,1,0,0,0
3124,1,1,1,7
3125,0,1,1,8
3126,1,1,0,3
3127,0,1,0,1
3128,1,1,0,4
3129,1,0,1,9
3130,0,0,0,9
3131,0,1,1,7
3132,1,1,0,0
3133,0,0,1,3
3134,1,0,0,6
3135,1,1,1,5
3136,0,1,0,1
3137,1,0,0,3
3138,0,0,1,1
3139,0,1,0,0
3140,0,0,1,3
3141,0,0,0,1
3142,1,0,1,6
3143,0,1,0,6
3144,0,0,1,10
3145,1,1,1,10
3146,0,0,1,5
3147,1,0,0,8
3148,0,1,1,5
3149,1,1,0,7
3150,0,0,0,5
3151,1,1,0,5
3152,1,0,0,3
3153,0,1,1,0
3154,0,1,1,2
3155,0,1,0,5
3156,1,0,1,2
3157,1,1,0,10
3158,0,0,0,8
3159,0,1,0,5
3160,0,1,1,8
3161,1,0,0,3
3162,0,1,0,6
3163,1,0,0,10
3164,0,0,0,7
3165,1,0,1,10
3166,0,0,1,10
3167,1,1,1,1
3168,0,1,0,6
3169,0,1,1,7
3170,0,1,0,10
3171,0,0,1,9
3172,1,1,1,10
3173,1,1,1,7
3174,1,0,0,2
3175,1,0,0,10
3176,1,0,1,9
3177,1,1,1,7
3178,0,1,0,8
3179,1,1,0,1
3180,0,0,0,3
3181,0,0,0,10
3182,1,0,0,4
3183,1,1,0,2
3184,0,1,0,0
3185,1,1,0,8
3186,1,0,1,4
3187,0,1,0,0
3188,1,0,1,4
3189,1,0,1,10
3190,0,1,1,9
3191,0,0,0,1
3192,0,1,1,2
3193,0,1,1,1
3194,1,1,1,4
3195,1,1,1,2
3196,0,1,1,9
3197,0,0,1,0
3198,0,1,1,7
3199,0,1,0,5
3200,1,0,1,1
3201,0,0,0,7
3202,1,1,1,7
3203,0,1,1,0
3204,1,1,0,6
3205,0,1,0,9
3206,0,1,1,5
3207,0,0,0,5
3208,1,0,0,1
3209,1,1,1,0
3210,0,0,1,5
3211,0,1,1,10
3212,1,0,1,6
3213,0,0,1,9
3214,1,1,0,6
3215,1,0,1,9
3216,0,0,1,8
3217,1,0,1,5
3218,1,0,0,7
3219,1,1,1,8
3220,1,0,0,8
3221,0,0,1,9
3222,1,1,0,9
3223,0,1,0,9
3224,1,0,0,4
3225,0,0,1,0
3226,1,0,0,8
3227,0,0,0,9
3228,0,1,0,6
3229,0,1,0,10
3230,1,0,0,8
3231,1,1,0,6
3232,1,0,0,3
3233,0,1,1,2
3234,1,0,0,3
3235,0,1,1,4
3236,1,0,1,1
3237,1,1,0,7
3238,0,1,0,9
3239,1,1,0,6
3240,1,1,0,5
3241,0,0,0,0
3242,0,0,1,5
3243,0,1,0,10
3244,1,0,1,1
3245,1,0,0,5
3246,1,0,0,2
3247,1,1,1,10
3248,0,0,0,6
3249,1,1,0,2
3250,1,1,1,7
3251,0,0,1,8
3252,0,1,0,0
3253,0,1,0,3
3254,0,0,1,10
3255,1,1,1,6
3256,0,1,0,3
3257,0,1,0,3
3258,0,0,1,5
3259,1,1,1,6
3260,0,1,1,8
3261,1,1,1,3
3262,1,1,0,0
3263,0,1,0,9
3264,0,0,1,3
3265,1,0,0,7
3266,0,0,1,9
3267,1,1,0,5
3268,1,0,0,6
3269,0,1,1,8
3270,0,0,0,10
3271,0,1,0,10
3272,0,1,1,9
3273,1,1,0,4
3274,1,0,1,3
3275,0,0,0,1
3276,1,0,0,1
3277,1,0,0,6
3278,1,1,1,2
3279,0,0,0,6
3280,1,1,1,1
3281,1,1,0,4
3282,1,1,1,10
3283,0,1,0,4
3284,1,1,1,7
3285,1,1,1,9
3286,0,1,1,3
3287,0,0,0,0
3288,0,0,1,5
3289,1,1,0,3
3290,1,0,1,9
3291,0,0,0,9
3292,1,0,0,8
3293,0,0,1,4
3294,1,0,0,2
3295,0,0,0,5
3296,0,1,0,5
3297,0,0,1,2
3298,0,0,1,5
3299,0,0,1,4
3300,0,0,0,4
3301,0,1,1,5
3302,1,1,0,8
3303,0,1,0,9
3304,1,1,1,2
3305,1,1,0,5
3306,1,1,0,4
3307,1,1,0,1
3308,0,1,1,5
3309,1,0,1,7
3310,1,1,1,7
3311,1,0,1,3
3312,0,0,1,5
3313,1,1,0,7
3314,1,1,1,1
3315,0,0,1,9
3316,1,1,1,4
3317,1,1,1,1
3318,1,0,1,8
3319,0,0,1,4
3320,1,1,1,10
3321,1,1,1,2
3322,0,1,0,9
3323,1,0,0,9
3324,1,0,1,5
3325,1,1,1,3
3326,0,1,1,1
3327,1,1,0,0
3328,0,0,1,5
3329,0,1,1,10
3330,0,0,1,5
3331,1,1,0,10
3332,0,0,1,3
3333,0,1,0,8
